{
		"_name": "Web of Science",
		"_alias": "WOS",
		"_description": "Web of Science Search",
		"_icon": "https://raw.githubusercontent.com/bwiernik/zotero-tools/master/locate_engines_icons/wok_favicon_citing.ico.png",
		"_hidden": false,
		"_urlTemplate": "http://ws.isiknowledge.com/cps/openurl/service?url_ver=Z39.88-2004&{z:openURL}",
		"_urlParams": [],
		"_urlNamespaces": {
			"rft": "info:ofi/fmt:kev:mtx:journal",
			"z": "http://www.zotero.org/namespaces/openSearch#"
		},
		"_iconSourceURI": "http://login.webofknowledge.com/error/WOK5/images/wok_favicon.ico"
	},
	{
		"_name": "WOS Citing Articles",
		"_alias": "WOS Citing Articles",
		"_description": "Web of Science Citing Articles Search",
		"_icon": "https://raw.githubusercontent.com/bwiernik/zotero-tools/master/locate_engines_icons/wok_favicon_citing.ico.png",
		"_hidden": false,
		"_urlTemplate": "http://ws.isiknowledge.com/cps/openurl/service?url_ver=Z39.88-2004&svc_val_fmt=info:ofi/fmt:kev:mtx:sch_svc&svc.citing=yes&{z:openURL}",
		"_urlParams": [],
		"_urlNamespaces": {
			"rft": "info:ofi/fmt:kev:mtx:journal",
			"z": "http://www.zotero.org/namespaces/openSearch#"
		},
		"_iconSourceURI": "http://www.proquest.com/favicon.ico"
	},
	{
		"_name": "WOS Related Articles",
		"_alias": "WOS Related Articles",
		"_description": "Web of Science Related Articles Search",
		"_icon": "https://raw.githubusercontent.com/bwiernik/zotero-tools/master/locate_engines_icons/wok_favicon_related.ico.png",
		"_hidden": false,
		"_urlTemplate": "http://ws.isiknowledge.com/cps/openurl/service?url_ver=Z39.88-2004&svc_val_fmt=info:ofi/fmt:kev:mtx:sch_svc&svc.related=yes&{z:openURL}",
		"_urlParams": [],
		"_urlNamespaces": {
			"rft": "info:ofi/fmt:kev:mtx:journal",
			"z": "http://www.zotero.org/namespaces/openSearch#"
		},
		"_iconSourceURI": "http://www.proquest.com/favicon.ico"
	},